{
    "models": [{"model_type": "2_layer_CNN", "params": {"n1": 128, "n2": 256, "dropout_rate": 0.2}},
               {"model_type": "2_layer_CNN", "params": {"n1": 128, "n2": 384, "dropout_rate": 0.2}},
               {"model_type": "2_layer_CNN", "params": {"n1": 128, 'n2': 512, "dropout_rate": 0.2}},
               {"model_type": "2_layer_CNN", "params": {"n1": 256, "n2": 256, "dropout_rate": 0.3}},
               {"model_type": "2_layer_CNN", "params": {"n1": 256, "n2": 512, "dropout_rate": 0.4}},
               {"model_type": "3_layer_CNN", "params": {"n1": 64, "n2": 128, "n3": 256, "dropout_rate": 0.2}},
               {"model_type": "3_layer_CNN", "params": {"n1": 64, "n2": 128, "n3": 192, "dropout_rate": 0.2}},
               {"model_type": "3_layer_CNN", "params": {"n1": 128, "n2": 192, "n3": 256, "dropout_rate": 0.2}},
               {"model_type": "3_layer_CNN", "params": {"n1": 128, "n2": 128, "n3": 128, "dropout_rate": 0.3}},
               {"model_type": "3_layer_CNN", "params": {"n1": 128, "n2": 128, "n3": 192, "dropout_rate": 0.3}}
              ],
    "pre_train_params": {"min_delta": 0.001, "patience": 3,
                     "batch_size": 128, "epochs": 20, "is_shuffle": True,
                     "verbose": 1},
    "model_saved_dir": None,
    "model_saved_names" : ["CNN_128_256", "CNN_128_384", "CNN_128_512", "CNN_256_256", "CNN_256_512",
                    "CNN_64_128_256", "CNN_64_128_192", "CNN_128_192_256", "CNN_128_128_128", "CNN_128_128_192"],
    "early_stopping" : True,
    "N_parties": 10,
    "N_samples_per_class": 100,
    "N_alignment": 60,
    "public_dataset": "MNIST",
    "algorithm": "FedGD",
    "private_classes": [10, 11, 12, 13, 14, 15],
    "public_classes": [0, 1, 2, 3, 4, 5, 6, 7, 8, 9],
    "is_show": False,
    "N_rounds": 20,
    "N_logits_matching_round": 1,
    "N_private_training_round": 5,
    "private_training_batchsize" : 5,
    "logits_matching_batchsize": 128,
    "EMNIST_dir": "./dataset/emnist-letters.mat",
    "result_save_dir": "./results_FEMNIST_balanced/"
}